"","city","state"
"12595","TAVISTOCK","29"
"68370","LAKESIDE","5"
"49041","SEVEN SPRINGS","37"
"29409","PINE VALLEY","29"
"47324","BEACH MOUNTAIN","32"
"4939","SALTAIRE","31"
"190947","LA TOUR VILLAGE","24"
"4941","OCEAN BEACH VILLAGE","31"
"116296","BRIAN HEAD","43"
"26022","BLACK HAWK","5"
"16188","GLEN LYN","45"
"49289","SALEM","39"
"177207","LA GRANGE","41"
"1810","HAINSVILLE","12"
"115835","CUNEY","42"
"3008","MICHIANA","21"
"1896","SAUGET","12"
"217820","GLEN ECHO PARK","24"
"2663","GOLDSBORO","19"
"41280","CANEY CITY","42"
"17844","DEWEY BEACH","7"
"52566","OLD SHAWNEETOWN","12"
"182338","MOSBY","24"
"222457","MALDEN","46"
"4326","LOCH ARBOUR","29"
"8106","KERMIT","47"
"182445","BATES CITY","24"
"232439","GANTT","1"
"5234","BATTLEBORO","32"
"236","MCINTOSH","1"
"1646","MCCOOK","12"
"123190","PERRY","39"
"285530","FISHER","17"
"185449","OLAR","39"
"63171","ORANGE","28"
"43834","BARWICK","10"
"182298","LINN CREEK","24"
"182559","FORISTELL","24"
"182551","BUNKER","24"
"8357","BAGGS","49"
"124402","ELMER CITY","46"
"23790","WEST UNION","39"
"52258","NEWINGTON","10"
"16493","BRADSHAW","47"
"49071","COAL CENTER","37"
"5384","BUCKLAND","34"
"24756","SPRINGDALE","46"
"9216","EMPIRE","5"
"276171","OAKLEY","21"
"22453","COYLE","35"
"32903","SUNSET VALLEY","42"
"149539","SWAN'S ISLAND","18"
"15560","GRAND JUNCTION","41"
"182355","EVERTON","24"
"199586","MARTINSBURG","24"
"169410","CUMBERLAND CITY","41"
"85322","PINEHURST","10"
"75944","TRINIDAD","4"
"170899","BAKER HILL","1"
"7057","EUTAWVILLE","39"
"68","PENNINGTON","1"
"182447","LAKE LAFAYETTE","24"
"179239","ETOWAH","3"
"8079","DAVY","47"
"5089","RHODHISS","32"
"4397","HARVEY CEDARS","29"
"161381","COPPERHILL","41"
"99214","BONNEAU","39"
"139641","NORTHPORT","46"
"30324","BUNN","32"
"274519","FAYETTEVILLE","12"
"182631","ST. MARYS","24"
"126445","DANVILLE","10"
"185533","LYNCHBURG","39"
"125001","NAPIER FIELD","1"
"75550","SAINT PAUL ISLAND","50"
"2526","COLLINSTON","17"
"107791","NORWAY","39"
"16491","KIMBALL","47"
"36880","GAINES","21"
"247749","DUCK","32"
"75","RANBURNE","1"
"18612","LONDON MILLS","12"
"169356","PETERSBURG","41"
"68767","PAVO","10"
"20073","KINGSTON","21"
"124851","HULETT","49"
"182521","PLATTE WOODS","24"
"7844","POCAHONTAS","45"
"153624","GREELEYVILLE","39"
"86","ROCKFORD","1"
"256397","PURCELL","24"
"5237","WHITAKERS","32"
"3338","AKRON","21"
"170854","NENANA","50"
"35208","WARWICK","10"
"99194","SALLEY","39"
"211213","WEISSPORT","37"
"170855","ST. PAUL","50"
"189472","ROLLA","15"
"3275","ROTHBURY","21"
"106546","KEYES","35"
"9889","LAVA HOT SPRINGS","11"
"148924","BYROMVILLE","10"
"48358","ROSSLYN FARMS","37"
"169184","FAITH","40"
"147426","LA BARGE","49"
"182664","SUMMERSVILLE","24"
"20077","BLOOMINGDALE","21"
"217589","DEEPWATER","24"
"7811","BURKEVILLE","45"
"8601","SIPSEY","1"
"50297","HARRINGTON","46"
"5543","WAITE HILL","34"
"182273","WASHBURN","24"
"85403","MILAN","10"
"74545","ROPESVILLE","42"
"198307","LONE OAK","16"
"70303","KINDE","21"
"248301","EDISON","34"
"53","MCKENZIE","1"
"14146","BOKOSHE","35"
"114097","EMERADO","33"
"15481","HEMINGWAY","39"
"60610","HOBOKEN","10"
"77951","HOLYROOD","15"
"191057","FERRELVIEW","24"
"232756","RAVENDEN","3"
"28236","ELLSWORTH","21"
"58997","DELBARTON","47"
"1538","SMELTERVILLE","11"
"147618","TRIANA","1"
"146004","ETHRIDGE","41"
"266738","ESSEX","24"
"16162","ONLEY","45"
"7020","AYNOR","39"
"248590","STONEWALL","35"
"57239","CARMICHAELS","37"
"26586","WHIGHAM","10"
"145913","LANE","39"
"7823","QUANTICO","45"
"185563","SPRINGFIELD","39"
"15695","SURFSIDE BEACH","42"
"18774","EAST CARONDELET","12"
"86559","BENHAM","16"
"182368","ARBYRD","24"
"20059","CARSONVILLE","21"
"90","RED LEVEL","1"
"109048","BAYFIELD","48"
"182496","MARSTON","24"
"5267","SALUDA","32"
"52773","HILLSDALE","12"
"39001","WINFALL","32"
"158103","FLOODWOOD","22"
"161353","CALHOUN","41"
"189439","NORWICH","15"
"4304","ALLENHURST","29"
"75238","NORTH FORK","47"
"210660","ACHILLE","35"
"22388","HULBERT","35"
"24319","ROSE CITY","42"
"238650","CALUMET","35"
"52725","WAMAC","12"
"16763","ENCAMPMENT","49"
"13684","NEWTON GROVE","32"
"43210","GRANADA","5"
"864","MOUNTAIN VIEW","5"
"178990","LOCKHART","1"
"5743","MCCURTAIN","35"
"149112","TIGNALL","10"
"4699","HUNTER","31"
"109372","LOUISVILLE","1"
"18273","COOLIDGE","10"
"254716","BENTLEY","15"
"60745","IDEAL","10"
"20560","HOT SPRINGS","25"
"109397","KINSTON","1"
"177188","BERRY HILL","41"
"5233","BAILEY","32"
"24779","DANVILLE","47"
"201","HURTSBORO","1"
"147676","MILLRY","1"
"185633","COLMAN","40"
"230169","GAINES TOWNSHIP","37"
"190800","POLO","24"
"5203","PINK HILL","32"
"195334","NOOKSACK TRIBAL","46"
"70202","GALIEN","21"
"227063","HARDIN","24"
"24768","ROSALIA","46"
"8018","GRANTSVILLE","47"
"191163","BEVERLY HILLS","24"
"99243","SOCIETY HILL","39"
"6090","WEST ELIZABETH","37"
"39931","EAST ROCHESTER","37"
"137261","PENINSULA","34"
"138977","LONE OAK","42"
"60754","UVALDA","10"
"199692","BLAND","24"
"1575","BEDFORD PARK","12"
"5061","BANNER ELK","32"
"4520","VAUGHN","30"
"6647","JAMESTOWN","37"
"4390","BARNEGAT LIGHT","29"
"265050","WILSON","17"
"35206","IRWINTON","10"
"1784","YATES CITY","12"
"5064","AURORA","32"
"36001","CEDAR VALE","15"
"1332","WHITESBURG","10"
"77969","ATTICA","15"
"154654","NISQUALLY TRIBAL","46"
"94461","HOLIDAY HILLS","12"
"43667","NEWTON","10"
"251635","OXFORD","48"
"196452","PANGBURN","3"
"253891","ATWOOD","12"
"190967","VERONA","24"
"182677","HARTVILLE","24"
"159733","MAGNOLIA","34"
"182506","GAINESVILLE","24"
"22681","WESTON","36"
"7184","GATES","41"
"12128","SUNFLOWER","23"
"289066","CANTON","35"
"191093","LOWRY CITY","24"
"9726","LEARY","10"
"34601","OAK CREEK","5"
"60765","PATTERSON","10"
"34533","GREEN MOUNTAIN FALLS","5"
"91014","KADOKA","40"
"49037","HOOVERSVILLE","37"
"2715","OXFORD","19"
"204994","NORTH COURTLAND","1"
"22560","PORTER","35"
"5891","POWERS","36"
"5833","CLAYTON","35"
"97820","STEELE","33"
"190537","ELMORE","22"
"185609","ARMOUR","40"
"11568","PORT AUSTIN","21"
"30243","NEWLAND","32"
"68590","ALAPAHA","10"
"1003","FREDERICA","7"
"33647","DIAMONDVILLE","49"
"77931","CHEROKEE","15"
"26926","WEST CITY","12"
"2672","PORT DEPOSIT","19"
"5175","LITTLETON","32"
"43757","FAIRMOUNT","10"
"18098","COLEMAN","9"
"15535","GALLAWAY","41"
"182494","PARMA","24"
"5229","VASS","32"
"16191","RICH CREEK","45"
"49060","TIDIOUTE","37"
"64","MAPLESVILLE","1"
"169238","MAURY CITY","41"
"78052","SCRANTON","15"
"3417","HILLTOP","22"
"33332","ANMOORE","47"
"196325","SULPHUR SPRINGS","3"
"194743","CHILLICOTHE","42"
"196455","MCRAE","3"
"8163","PINEVILLE","47"
"137306","HYDRO","35"
"154200","O'DONNELL","42"
"3170","BRITTON","21"
"141182","LAWTEY","9"
"199770","MILLER","24"
"32286","ELLOREE","39"
"238382","JEWETT","34"
"196413","WEINER","3"
"131011","CLIO","39"
"27054","PALMYRA","12"
"48389","BRIDGEWATER","37"
"138750","POINT COMFORT","42"
"3100","CALUMET","21"
"166316","BRIDGER","25"
"190871","CARDWELL","24"
"93952","WAVERLY HALL","10"
"102","ARITON","1"
"773","ETNA","4"
"50833","LEIGHTON","1"
"115546","NORTH","39"
"8071","MAN","47"
"7210","KENTON","41"
"95009","LYNCH","16"
"223357","HARDY","3"
"124465","TEKOA","46"
"33817","LEXINGTON","1"
"23688","WAGENER","39"
"223318","KEISER","3"
"38989","WOODLAND","32"
"182487","NEW FLORENCE","24"
"69636","UDALL","15"
"212659","DRISCOLL","42"
"7068","RIDGE SPRING","39"
"5775","VALLIANT","35"
"57548","AUBURN","37"
"4312","DEAL","29"
"5494","ARLINGTON HEIGHTS","34"
"3315","BURR OAK","21"
"3109","ELKTON","21"
"250316","SAN FELIPE","42"
"8074","WAR","47"
"18769","BROOKLYN","12"
"182276","LIBERAL","24"
"1859","GREENVIEW","12"
"178211","ST. PAUL","45"
"3107","CASEVILLE","21"
"206819","COLDWATER","15"
"39196","NEW MADISON","34"
"22462","WRIGHT CITY","35"
"160410","KOPPEL","37"
"91005","MCLAUGHLIN","40"
"39440","MARSHALLVILLE","34"
"214098","CAMMACK VILLAGE","3"
"54234","VERNON","21"
"78848","UBLY","21"
"2470","TAYLORSVILLE","16"
"252328","MADISON","3"
"182466","PINEVILLE","24"
"2362","WEST POINT","16"
"153603","EASTOVER","39"
"33635","MOORCROFT","49"
"171137","HERMITAGE","3"
"78083","EASTBOROUGH","15"
"26333","WHITE SPRINGS","9"
"196376","SWIFTON","3"
"125770","LA VETA","5"
"3749","EDMUNDSON","24"
"14180","SOUTH COFFEYVILLE","35"
"80596","WOODRIDGE VILLAGE","31"
"169332","ST. JOSEPH","41"
"115477","LAKE VIEW","39"
"48813","WEST LEBANON TOWNSHIP","37"
"2290","MILLERSBURG","16"
"1360","DOERUN","10"
"39494","SEILING","35"
"166","NOTASULGA","1"
"80295","DEPOSIT VILLAGE","31"
"248589","ALLEN","35"
"219449","OWENSVILLE","34"
"11741","MARION","21"
"5324","WARRENTON","32"
"687","ISLETON","4"
"153634","LAKE ANDES","40"
"70962","FLORDELL HILLS","24"
"210740","DAVENPORT","35"
"15472","CHESNEE","39"
"147644","WEDOWEE","1"
"7849","DAMASCUS","45"
"182549","ORRICK","24"
"5867","WAYNOKA","35"
"4322","INTERLAKEN","29"
"196344","PLUMMERVILLE","3"
"8356","HANNA","49"
"177594","RISING STAR","42"
"251809","ALPINE","49"
"77099","POULAN","10"
"92013","WILBUR","46"
"3999","NEW CASTLE","28"
"1174","GREENVILLE","9"
"48854","SHICKSHINNY","37"
"217942","ENNIS","25"
"77984","PERRY","15"
"4181","STONE HARBOR","29"
"190798","BRAYMER","24"
"390","ELAINE","3"
"33241","TONASKET","46"
"20025","PENTWATER","21"
"7959","COULEE DAM","46"
"182307","DREXEL","24"
"5138","KENANSVILLE","32"
"8026","SMITHERS","47"
"139574","ROSLYN","46"
"124393","ODESSA","46"
"7078","JONESVILLE","39"
"3321","MENDON","21"
"158490","DALTON","28"
"3288","ONAWAY","21"
"107676","WEST PELZER","39"
"14306","PRAIRIE CITY","36"
"1464","TALBOTTON","10"
"1544","CASCADE","11"
"239852","MIDWAY","37"
"7919","GRAND COULEE","46"
"48877","MOUNT JEWETT","37"
"5830","MAUD","35"
"23975","SHARON","41"
"1438","WOODBURY","10"
"16242","HONAKER","45"
"196402","BEARDEN","3"
"32539","OYSTER CREEK","42"
"148","HOLLYWOOD","1"
"5792","WELEETKA","35"
"182453","LA GRANGE","24"
"219716","WAYNESBURG","34"
"195","CARROLLTON","1"
"7384","SPUR","42"
"16515","PIEDMONT","47"
"3342","MAYVILLE","21"
"5241","RICH SQUARE","32"
"35055","NAHUNTA","10"
"143002","BIWABIK","22"
"5339","LUCAMA","32"
"132640","BRISTOL BAY BOROUGH","50"
"1535","WALLACE","11"
"184246","ADDYSTON","34"
"169328","HENNING","41"
"7854","POUND","45"
"4992","SALEM VILLAGE","31"
"2436","MULDRAUGH","16"
"3593","GLOSTER","23"
"254038","LELAND","12"
"60807","JEFFERSONVILLE","10"
"52110","SARDIS","10"
"4612","AFTON","31"
"136238","CARRIZOZO","30"
"8022","MONTGOMERY","47"
"5226","ROBBINS","32"
"82611","BOWMAN","39"
"150098","NORTH BRANCH","21"
"6987","SUMMERTON","39"
"231186","SUDAN","42"
"182640","MINER","24"
"244036","FRANKLIN GROVE","12"
"43737","MCCAYSVILLE","10"
"32219","LAMAR","39"
"234","PARRISH","1"
"7807","CAPE CHARLES","45"
"6845","WEST BROWNSVILLE","37"
"60800","MEIGS","10"
"268396","MILAN","34"
"119159","CHENEYVILLE","17"
"5697","ERICK","35"
"3103","LAKE LINDEN","21"
"7196","RED BOILING SPRINGS","41"
"225","CAMP HILL","1"
"54668","COOL VALLEY","24"
"117","ECLECTIC","1"
"1882","PORT BYRON","12"
"165210","ST. MICHAELS","19"
"216210","OIL CITY","17"
"66393","SANTA ANNA","42"
"3220","LAKEVIEW","21"
"4157","HI NELLA","29"
"5700","GEARY","35"
"97711","GARYSBURG","32"
"22402","OILTON","35"
"38251","ELSINBORO TOWNSHIP","29"
"61754","OXFORD","15"
"74677","HEMPHILL","42"
"4141","AUDUBON PARK","29"
"5747","RINGLING","35"
"8038","NEW CUMBERLAND","47"
"1326","ARLINGTON","10"
"7773","LAWRENCEVILLE","45"
"5581","BRADFORD","34"
"70810","EDWARDS","23"
"5280","ROWLAND","32"
"186134","WORTHAM","42"
"92005","MORTON","46"
"8123","MARLINTON","47"
"29098","PLAINS","25"
"5741","LAVERNE","35"
"164848","ALTAMONT","15"
"1012","NEWPORT","7"
"3097","READING","21"
"182390","GLASGOW","24"
"1267","LAKE HAMILTON","9"
"164892","NICKERSON","15"
"14415","NEVILLE TOWNSHIP","37"
"7437","GRUVER","42"
"26644","LUMPKIN","10"
"196406","MARVELL","3"
"16036","TYE","42"
"37029","CARSON CITY","21"
"217465","PURDY","24"
"150047","FAIR HAVEN TOWNSHIP","21"
"43798","OGLETHORPE","10"
"246584","CENTER HARBOR","28"
"6319","KNOX","37"
"23119","WICONISCO TOWNSHIP","37"
"1561","MARTINSVILLE","12"
"5307","BRYSON CITY","32"
"5760","TALIHINA","35"
"75940","BLUE LAKE","4"
"182435","EDINA","24"
"169901","BOGATA","42"
"123820","KNOX CITY","42"
"52293","ROCHELLE","10"
"7152","RUTHERFORD","41"
"1316","FITZGERALD","10"
"2174","SEDAN","15"
"32481","FRANKSTON","42"
"3211","COLEMAN","21"
"7803","CLARKSVILLE","45"
"18366","THOMASBORO","12"
"22423","BUFFALO","35"
"99257","PAMPLICO","39"
"205191","ALTHEIMER","3"
"78","NEW BROCKTON","1"
"196066","OHATCHEE","1"
"3316","COLON","21"
"194951","CALVERT","42"
"5810","BEGGS","35"
"162806","MARION","48"
"6756","GALETON","37"
"6959","IVA","39"
"4416","SHIP BOTTOM","29"
"106545","BOISE CITY","35"
"62640","MANTON","21"
"119186","CULLEN","17"
"3208","SCOTTVILLE","21"
"16160","ONANCOCK","45"
"35164","PORTERDALE","10"
"4392","BEACH HAVEN","29"
"78012","PLEASANTON","15"
"1177","BRADENTON BEACH","9"
"182485","WELLSVILLE","24"
"2657","NORTH BEACH","19"
"80631","CLYDE VILLAGE","31"
"102332","LUMBER CITY","10"
"7517","MUNDAY","42"
"20551","BOULDER","25"
"157044","ELTON","17"
"164915","ST. JOHN","15"
"5327","BLOWING ROCK","32"
"6233","DALE","37"
"7800","KENBRIDGE","45"
"3064","HARBOR SPRINGS","21"
"210336","NEW VIENNA","34"
"1381","BLUE RIDGE","10"
"216889","STOCKBRIDGE","21"
"250","TOMBSTONE","2"
"121785","GENEVA-ON-THE-LAKE","34"
"24432","HAWKINS","42"
"493","FERNDALE","4"
"13858","CLINTON TOWNSHIP","34"
"80305","PORT BYRON VILLAGE","31"
"14213","YALE","35"
"182362","CLARKTON","24"
"14124","RUSH SPRINGS","35"
"1021","REHOBOTH BEACH","7"
"2397","DIXIE POLICE AUTHORITY","16"
"3745","COUNTRY CLUB HILLS","24"
"49821","ROSCOE","42"
"35132","SPARTA","10"
"5745","WETUMKA","35"
"5146","PINETOPS","32"
"2567","ASHLAND","18"
"37446","GOODMAN","23"
"7058","HOLLY HILL","39"
"7702","EAST CARBON","43"
"2326","MANCHESTER","16"
"161313","SNEEDVILLE","41"
"2716","SAINT MICHAELS","19"
"7095","DEADWOOD","40"
"80306","MORAVIA VILLAGE","31"
"48449","TROY","37"
"182450","PIERCE CITY","24"
"29022","CALVERTON PARK","24"
"3674","CLAYCOMO","24"
"3744","CHARLACK","24"
"326","HAMPTON","3"
"58083","SEADRIFT","42"
"11548","BRECKENRIDGE","21"
"5176","WELDON","32"
"11451","FRANKFORT","21"
"22065","SALINEVILLE","34"
"143280","CHINOOK","25"
"2998","PINCONNING","21"
"109078","MAPLE BLUFF","48"
"172835","WATHENA","15"
"126982","OLLA","17"
"49028","MIDDLEBURG","37"
"48636","NEWVILLE","37"
"219588","SALINE TOWNSHIP","34"
"32993","NAPLES","43"
"4174","AVALON","29"
"2687","ROCK HALL","19"
"27547","LACROSSE","15"
"3695","IRONTON","24"
"187062","GRANTSBURG","48"
"37670","THOMPSON FALLS","25"
"1471","BOSTON","10"
"8373","LUSK","49"
"7175","ERIN","41"
"3096","LITCHFIELD","21"
"6308","SOUTH COATESVILLE BORO","37"
"190539","WINNEBAGO","22"
"7400","ROSEBUD","42"
"1436","MARSHALLVILLE","10"
"16177","CLINTWOOD","45"
"69010","PALESTINE","12"
"63650","ELMER","29"
"72","GROVE HILL","1"
"163171","FLIPPIN","3"
"28761","DAWSON","22"
"8164","OCEANA","47"
"7318","SOMERVILLE","42"
"124945","LOXLEY","1"
"2988","MANCELONA","21"
"6994","LATTA","39"
"184459","BEAVER","35"
"2021","CULVER","13"
"129751","COITSVILLE TOWNSHIP","34"
"2275","YATES CENTER","15"
"142044","GLENMORA","17"
"6255","LORETTO BORO","37"
"14238","VIAN","35"
"127950","APPLETON","22"
"49068","BURGETTSTOWN","37"
"172175","INTERLACHEN","9"
"248226","RUSSELLS POINT","34"
"5757","SNYDER","35"
"190676","WHEATON","22"
"5812","FAIRFAX","35"
"85","GOODWATER","1"
"134358","DUSON","17"
"1536","OSBURN","11"
"138972","GRAPELAND","42"
"258536","PIONEER","34"
"83825","CORNELL","48"
"83941","PHILLIPS","48"
"77961","HILL CITY","15"
"3787","OAKLAND","24"
"3759","HILLSDALE","24"
"3051","OVID","21"
"8023","MOUNT HOPE","47"
"5840","KONAWA","35"
"286055","FENNVILLE","21"
"259540","HUGHESTOWN","37"
"1134","GRETNA","9"
"99783","HUBBARD","42"
"3216","LUNA PIER","21"
"5944","HEPPNER","36"
"19061","HARPER","15"
"8221","ELROY","48"
"182622","VELDA CITY","24"
"396","HAZEN","3"
"78049","CARBONDALE","15"
"5695","CHEROKEE","35"
"153724","CRUMP","41"
"15187","KLINE TOWNSHIP","37"
"121","FLOMATON","1"
"6053","BLAWNOX","37"
"141386","REDINGTON BEACHES","9"
"7050","WHITMIRE","39"
"196403","PERRYVILLE","3"
"5211","ROBERSONVILLE","32"
"47954","APACHE","35"
"127018","ST. JOSEPH","17"
"129511","ROSEBORO","32"
"35180","RICHLAND","10"
"3798","FORT BENTON","25"
"5330","FREMONT","32"
"8027","GLENVILLE","47"
"8149","CEREDO","47"
"15162","NEWPORT","37"
"1484","TENNILLE","10"
"169554","QUEEN CITY","42"
"219419","ORWELL","34"
"6232","CRESSON","37"
"2184","ARMA","15"
"182634","SWEET SPRINGS","24"
"12226","BEL-NOR","24"
"3906","GORDON","26"
"10268","ROXANA","12"
"6804","BLOSSBURG","37"
"99","NEWTON","1"
"5905","JOHN DAY","36"
"6438","ALBION","37"
"2633","BAILEYVILLE","18"
"16481","LOGAN","47"
"131289","BAIRD","42"
"5704","CARNEGIE","35"
"159723","ABERDEEN","34"
"176045","SHREVE","34"
"182266","TARKIO","24"
"5847","COMANCHE","35"
"7315","BANGS","42"
"219444","BATAVIA","34"
"41862","SOUTH BEND","46"
"1402","UNION POINT","10"
"6334","CATAWISSA","37"
"57945","ENGLEWOOD","41"
"6463","MERCERSBURG","37"
"4614","GREENE VILLAGE","31"
"7584","CORRIGAN","42"
"14526","FREEDOM","37"
"182544","HUNTSVILLE","24"
"1537","PINEHURST","11"
"3020","UNION CITY","21"
"193","GORDO","1"
"2720","HANCOCK","19"
"52","GEORGIANA","1"
"10146","WARSAW","12"
"7564","LONE STAR","42"
"1273","CRESCENT CITY","9"
"2369","MUNFORDVILLE","16"
"5347","BOWMAN","33"
"112595","RICHLAND","24"
"5109","MURPHY","32"
"3598","PORT GIBSON","23"
"772","DUNSMUIR","4"
"26076","DEL NORTE","5"
"4415","SEASIDE PARK","29"
"5368","HARVEY","33"
"119130","CLINTON","17"
"5956","ELGIN","36"
"364","STAMPS","3"
"19212","WORTHINGTON","16"
"5065","BELHAVEN","32"
"3111","HARBOR BEACH","21"
"1252","REDINGTON BEACH","9"
"3301","ZILWAUKEE","21"
"3800","BAKER","25"
"4659","GOWANDA VILLAGE","31"
"5266","TRYON","32"
"184155","MECHANICSBURG","34"
"5261","BETHEL","32"
"155332","MULBERRY","3"
"7403","LOCKNEY","42"
"157032","BASILE","17"
"13840","UNION CITY","34"
"2358","LEWISPORT","16"
"32177","JACKSON","39"
"7030","KERSHAW","39"
"182644","SHELBINA","24"
"1740","ZEIGLER","12"
"426","KENSETT","3"
"210448","MCCOMB","34"
"194","REFORM","1"
"6805","ELKLAND","37"
"149484","INDEPENDENCE","17"
"131562","THREE RIVERS","42"
"7014","WARE SHOALS","39"
"3279","EVART","21"
"5818","PAWNEE","35"
"3026","HOMER","21"
"272414","COALING","1"
"1133","HAVANA","9"
"6417","TRAINER","37"
"7893","RITZVILLE","46"
"80331","CHATHAM VILLAGE","31"
"167697","SOUTH CHARLESTON","34"
"5603","MCCONNELSVILLE","34"
"9214","IDAHO SPRINGS","5"
"5185","HAZELWOOD","32"
"3541","AURORA","22"
"224512","GUYTON","10"
"7801","VICTORIA","45"
"76663","CROSS CITY","9"
"7144","COWAN","41"
"11466","WATERVLIET","21"
"214108","CAVE CITY","3"
"209397","LAKE COMO","29"
"16266","APPALACHIA","45"
"270749","HUGHES SPRINGS","42"
"153364","MCDONALD BOROUGH","37"
"8351","GREYBULL","49"
"4146","BROOKLAWN","29"
"3030","CASSOPOLIS","21"
"2171","HORTON","15"
"7105","LAKE CITY","41"
"80428","SAINT JOHNSVILLE VILLAGE","31"
"147","STEVENSON","1"
"5365","MAYVILLE","33"
"89295","EAST SPENCER","32"
"49116","TUNKHANNOCK","37"
"8332","BUTLER","48"
"1743","ROODHOUSE","12"
"3348","DECATUR","21"
"258","MIAMI","2"
"2227","OAKLEY","15"
"14174","HASKELL","35"
"3780","VINITA PARK","24"
"81304","LEXINGTON","35"
"2257","PLAINVILLE","15"
"5386","BRIDGEPORT","34"
"16622","CRANDON","48"
"5748","WAURIKA","35"
"6826","MCDONALD","37"
"5114","CHADBOURN","32"
"6064","EAST PITTSBURGH","37"
"4305","ALLENTOWN","29"
"151","SULLIGENT","1"
"7839","SALTVILLE","45"
"135479","CARTERVILLE","24"
"3347","BANGOR","21"
"3790","SLATER","24"
"3116","LESLIE","21"
"3628","ITTA BENA","23"
"6978","BLACKSBURG","39"
"12129","CHARLESTON","23"
"143","ASHFORD","1"
"7701","HELPER","43"
"80565","WATKINS GLEN VILLAGE","31"
"45330","L'ANSE","21"
"6199","TULLYTOWN","37"
"14846","JONES TOWNSHIP","37"
"7510","HAMLIN","42"
"5043","ARCADE VILLAGE","31"
"89","FLORALA","1"
"3009","NEW BUFFALO","21"
"4158","LAUREL SPRINGS","29"
"15818","ABERNATHY","42"
"4552","MILAN","30"
"25154","LYMAN","49"
"118824","LEON","14"
"128623","AVON-BY-THE-SEA","29"
"136399","DOLGEVILLE VILLAGE","31"
"6953","FAIRFAX","39"
"1727","OAKBROOK TERRACE","12"
"7548","JEFFERSON","42"
"26622","COLQUITT","10"
"157067","COUSHATTA","17"
"6172","MARTINSBURG","37"
"5740","HOLLIS","35"
"134","SAMSON","1"
"1370","LITHONIA","10"
"6868","NORTH BELLE VERNON","37"
"18226","WADLEY","10"
"6049","WEST HOMESTEAD","37"
"15404","SAINT GEORGE","39"
"176999","ST. MATTHEWS","39"
"6981","GREAT FALLS","39"
"3104","LAURIUM","21"
"2756","STOCKBRIDGE","20"
"11818","MATTAWAN","21"
"142000","COTTONPORT","17"
"10271","SOUTH ROXANA","12"
"7383","YORKTOWN","42"
"238","CAMDEN","1"
"1680","PHOENIX","12"
"186013","LINDEN","42"
"7016","ESTILL","39"
"2247","MINNEAPOLIS","15"
"7853","COEBURN","45"
"7909","CASTLE ROCK","46"
"232","DORA","1"
"5984","BALDWIN TOWNSHIP","37"
"6272","EMPORIUM","37"
"8596","CARBON HILL","1"
"2490","KINDER","17"
"47470","SPRUCE PINE","32"
"7520","OLTON","42"
"5174","SCOTLAND NECK","32"
"6948","CALHOUN FALLS","39"
"7541","MART","42"
"5188","MURFREESBORO","32"
"88789","WEST CARTHAGE VILLAGE","31"
"3124","LAKE ODESSA","21"
"5822","HARTSHORNE","35"
"2166","ELLINWOOD","15"
"20332","BRUCE","23"
"99345","WELLFORD","39"
"3570","STAPLES","22"
"174232","KAHOKA","24"
"2495","SIMMESPORT","17"
"200152","MARLBOROUGH","28"
"231","CORDOVA","1"
"7531","IDALOU","42"
"6951","NEW ELLENTON","39"
"7440","KOUNTZE","42"
"11010","KENTWOOD","17"
"10721","STERLING","15"
"6761","MCADOO","37"
"3640","MAGNOLIA","23"
"16255","WAVERLY","45"
"15382","SAINT MATTHEWS","39"
"197","BRUNDIDGE","1"
"111046","NEW CHICAGO","13"
"191037","STEELE","24"
"7048","MCCOLL","39"
"7601","SAN AUGUSTINE","42"
"6748","WATSONTOWN","37"
"6082","RANKIN","37"
"9816","WRENS","10"
"4180","SEA ISLE CITY","29"
"116","TALLASSEE","1"
"2239","COUNCIL GROVE","15"
"5360","LISBON","33"
"119180","ERATH","17"
"4098","SOUTH HACKENSACK","29"
"5751","NEWKIRK","35"
"1534","KELLOGG","11"
"2632","MACHIAS","18"
"7810","CREWE","45"
"12070","SHAW","23"
"7641","WESTWORTH","42"
"4857","PHOENIX VILLAGE","31"
"7142","SEWANEE","41"
"113462","ANGOLA VILLAGE","31"
"8350","LOVELL","49"
"12202","MARCELINE","24"
"6396","EDDYSTONE","37"
"5626","NEW BOSTON","34"
"180722","WALKERTON","13"
"330","EUDORA","3"
"6035","BRADDOCK","37"
"25561","AUGUSTA","3"
"8359","GLENROCK","49"
"2201","ANTHONY","15"
"5499","ELMWOOD PLACE","34"
"80427","FORT PLAIN VILLAGE","31"
"5613","WINDHAM","34"
"5732","WYNNEWOOD","35"
"7242","HARTSVILLE","41"
"70363","MORENCI","21"
"5282","MADISON","32"
"14194","NICOMA PARK","35"
"375","CARLISLE","3"
"6448","SOUTH CONNELLSVILLE","37"
"46286","NORTHUMBERLAND","28"
"44881","JONESVILLE","17"
"91246","PANHANDLE","42"
"3949","COLEBROOK","28"
"6405","MARCUS HOOK","37"
"3615","BELZONI","23"
"106131","MAXTON","32"
"6902","WRIGHTSVILLE","37"
"6169","ROARING SPRING","37"
"2048","WEST TERRE HAUTE","13"
"2568","LIMESTONE","18"
"31118","LAKEVIEW","36"
"2340","FULTON","16"
"55032","GIBBSBORO","29"
"3172","HUDSON","21"
"3059","NORWAY","21"
"10293","POLO","12"
"8075","WELCH","47"
"6997","JOHNSTON","39"
"23850","JELLICO","41"
"3783","WELLSTON","24"
"165679","ST. IGNACE","21"
"5172","ENFIELD","32"
"7802","CHASE CITY","45"
"6443","BROWNSVILLE","37"
"3714","CANTON","24"
"17096","DERMOTT","3"
"4518","BAYARD","30"
"343","EARLE","3"
"164485","ST. MARIES","11"
"3293","CHESANING","21"
"11673","CARLETON","21"
"135","HARTFORD","1"
"7522","HALLETTSVILLE","42"
"6470","MOUNT UNION","37"
"6964","BLACKVILLE","39"
"5832","ANTLERS","35"
"1854","HENRY","12"
"3536","OLIVIA","22"
"331","LAKE VILLAGE","3"
"2541","BALDWIN","17"
"80603","GROTON VILLAGE","31"
"80373","LAKE PLACID VILLAGE","31"
"5400","NEW RICHMOND","34"
"6392","COLWYN","37"
"39333","WOODSFIELD","34"
"146","BRIDGEPORT","1"
"8369","KEMMERER","49"
"192","ALICEVILLE","1"
"2188","HERINGTON","15"
"2503","HAYNESVILLE","17"
"1351","HOMERVILLE","10"
"1155","MONTICELLO","9"
"7054","WESTMINSTER","39"
"217","YORK","1"
"70975","MOLINE ACRES","24"
"8503","EAST BREWTON","1"
"80625","GRANVILLE VILLAGE","31"
"233","SUMITON","1"
"7389","RANGER","42"
"1430","EAST DUBLIN","10"
"7563","DAINGERFIELD","42"
"6382","MILLERSBURG","37"
"238327","MIFFLIN TOWNSHIP","34"
"6088","VERONA","37"
"7906","DAYTON","46"
"80553","CORINTH VILLAGE","31"
"3815","CONRAD","25"
"5240","WRIGHTSVILLE BEACH","32"
"3068","CLIO","21"
"58322","TAHOKA","42"
"108293","JUNCTION","42"
"1458","SYLVANIA","10"
"6278","WEATHERLY","37"
"4186","WOODBINE","29"
"5584","COVINGTON","34"
"7597","WINTERS","42"
"138","GREENSBORO","1"
"3036","CHARLEVOIX","21"
"3346","VASSAR","21"
"128331","ROLLINSFORD","28"
"4401","LAKEHURST","29"
"1350","LAKE CITY","10"
"6480","REYNOLDSVILLE","37"
"5785","DAVIS","35"
"4110","BEVERLY","29"
"80628","WHITEHALL VILLAGE","31"
"5379","LOUDONVILLE","34"
"3837","VALENTINE","26"
"866","LEADVILLE","5"
"4379","NETCONG","29"
"9942","CAIRO","12"
"213985","LITTLE FLOCK","3"
"1496","SAINT MARIES","11"
"6102","MIDLAND","37"
"1476","WEST POINT","10"
"32496","SEYMOUR","42"
"10447","DUNKIRK","13"
"2607","MEXICO","18"
"625","ALTURAS","4"
"5907","BURNS","36"
"5777","EUFAULA","35"
"140","ABBEVILLE","1"
"2185","GIRARD","15"
"1459","DONALSONVILLE","10"
"2712","CRISFIELD","19"
"2534","MANY","17"
"5767","STROUD","35"
"2161","CLARION","14"
"3228","WHITEHALL","21"
"5738","MANGUM","35"
"314","HAMBURG","3"
"7592","REFUGIO","42"
"7017","HAMPTON","39"
"5601","GERMAN TOWNSHIP","34"
"3950","GORHAM","28"
"3739","BEL-RIDGE","24"
"3246","KEEGO HARBOR","21"
"7559","NOCONA","42"
"6744","KULPMONT","37"
"1173","MADISON","9"
"7615","SONORA","42"
"2376","DAWSON SPRINGS","16"
"3092","ITHACA","21"
"7676","ELECTRA","42"
"8006","PHILIPPI","47"
"7960","RAYMOND","46"
"7386","FREER","42"
"3551","PROCTOR","22"
"373","ENGLAND","3"
"5730","LINDSAY","35"
"7004","ANDREWS","39"
"6180","TOWANDA","37"
"2118","ONAWA","14"
"8013","FOLLANSBEE","47"
"182509","HAYTI","24"
"3771","RIVERVIEW","24"
"7282","BALCONES HEIGHTS","42"
"80406","MOUNT MORRIS VILLAGE","31"
"48683","UPLAND","37"
"59","LAFAYETTE","1"
"60852","OROFINO","11"
"166327","CUT BANK","25"
"7439","QUANAH","42"
"2750","LANESBORO","20"
"3819","GLASGOW","25"
"16","BRIGHTON","1"
"8364","THERMOPOLIS","49"
"22482","OKEMAH","35"
"5539","FAIRPORT HARBOR","34"
"858","WALSENBURG","5"
"41626","BELLOWS FALLS","44"
"6094","FORD CITY","37"
"3726","RIVERSIDE","24"
"2741","PROVINCETOWN","20"
"6871","TRAFFORD","37"
"5753","TONKAWA","35"
"6957","PENDLETON","39"
"7511","STAMFORD","42"
"6961","DENMARK","39"
"5699","WATONGA","35"
"3328","MANISTIQUE","21"
"7064","PICKENS","39"
"7198","SOUTH PITTSBURG","41"
"3078","MOUNT MORRIS","21"
"24671","FOLKS","46"
"8384","NEWCASTLE","49"
"3043","CLARE","21"
"3568","BENSON","22"
"8105","WILLIAMSON","47"
"201649","MILLERSBURG","34"
"3106","BAD AXE","21"
"2631","CALAIS","18"
"7606","TAFT","42"
"1132","CHATTAHOOCHEE","9"
"4405","LONG BEACH TOWNSHIP","29"
"6963","WILLISTON","39"
"3015","CHIKAMING TOWNSHIP","21"
"1518","GRANGEVILLE","11"
"204739","LAC DU FLAMBEAU TRIBAL","48"
"334","CORNING","3"
"224","DADEVILLE","1"
"80499","GREENWOOD LAKE VILLAGE","31"
"3842","BROKEN BOW","26"
"2170","HIAWATHA","15"
"2556","LIVERMORE FALLS","18"
"2509","MAMOU","17"
"190","MARION","1"
"6022","HOMESTEAD","37"
"7590","CLARKSVILLE","42"
"3587","BRECKENRIDGE","22"
"2175","COLUMBUS","15"
"5864","DEWEY","35"
"48446","ATHENS","37"
"6638","PYMATUNING TOWNSHIP","37"
"7079","KINGSTREE","39"
"385","PRESCOTT","3"
"7693","OLNEY","42"
"4185","WILDWOOD CREST","29"
"6952","ALLENDALE","39"
"311","DE WITT","3"
"18685","GILLESPIE","12"
"6802","WELLSBORO","37"
"6084","SHARPSBURG","37"
"80531","HOOSICK FALLS VILLAGE","31"
"2475","MORGANFIELD","16"
"9827","MONTEZUMA","10"
"3769","PINE LAWN","24"
"8376","WHEATLAND","49"
"5527","CADIZ","34"
"3491","JACKSON","22"
"6300","SPRING CITY","37"
"5535","MINGO JUNCTION","34"
"5842","WEWOKA","35"
"7034","BISHOPVILLE","39"
"12258","PAGEDALE","24"
"7523","YOAKUM","42"
"48728","BLAIRSVILLE","37"
"3701","SUGAR CREEK","24"
"3332","DURAND","21"
"187751","GOSNELL","3"
"7344","COLUMBUS","42"
"7345","EAGLE LAKE","42"
"6077","MOUNT OLIVER","37"
"2504","FERRIDAY","17"
"5458","HICKSVILLE","34"
"84","EVERGREEN","1"
"80632","LYONS VILLAGE","31"
"4470","STANHOPE","29"
"5508","LOCKLAND","34"
"6960","BAMBERG","39"
"5814","PAWHUSKA","35"
"2561","FORT FAIRFIELD","18"
"7809","BLACKSTONE","45"
"6956","HONEA PATH","39"
"5276","RED SPRINGS","32"
"1452","HAWKINSVILLE","10"
"3545","ELY","22"
"1425","MILLEN","10"
"2261","SCOTT CITY","15"
"372","PARIS","3"
"74218","ETOWAH","41"
"4105","WASHINGTON TOWNSHIP","29"
"131377","SAN DIEGO","42"
"36370","FRANKLINTON","17"
"182318","EL DORADO SPRINGS","24"
"2248","LARNED","15"
"4175","CAPE MAY","29"
"3546","EVELETH","22"
"3204","NEGAUNEE","21"
"111417","JACKSON","17"
"2234","BELOIT","15"
"5756","HOBART","35"
"6103","ROCHESTER","37"
"80677","PERRY VILLAGE","31"
"7878","NORTON","45"
"1321","QUITMAN","10"
"7427","GLADEWATER","42"
"80376","TUPPER LAKE VILLAGE","31"
"5480","GALLIPOLIS","34"
"1600","DIXMOOR","12"
"6623","KANE","37"
"7187","HOHENWALD","41"
"7596","BALLINGER","42"
"80600","OWEGO VILLAGE","31"
"5504","GOLF MANOR","34"
"44906","RAYVILLE","17"
"1477","ASHBURN","10"
"5325","PLYMOUTH","32"
"4260","LAMBERTVILLE","29"
"14832","TINICUM TOWNSHIP","37"
"5665","NEWCOMERSTOWN","34"
"18244","PELHAM","10"
"61807","LAKE PROVIDENCE","17"
"159067","LAGUNA TRIBAL","30"
"163202","CHEROKEE VILLAGE","3"
"3846","COZAD","26"
"7557","COLORADO CITY","42"
"50059","BRANDON","44"
"2585","WILTON","18"
"347","MCGEHEE","3"
"3573","WADENA","22"
"76","ELBA","1"
"3678","NORTH KANSAS CITY","24"
"10266","MADISON","12"
"6150","WEST READING","37"
"367","MARIANNA","3"
"5366","GRAFTON","33"
"8109","WESTOVER","47"
"2498","VIVIAN","17"
"6986","MANNING","39"
"14840","CHESTER TOWNSHIP","37"
"80386","CATSKILL VILLAGE","31"
"4178","NORTH WILDWOOD","29"
"3655","WATER VALLEY","23"
"80285","ALFRED VILLAGE","31"
"3865","FAIRBURY","26"
"7717","MOAB","43"
"3339","CARO","21"
"240","HALEYVILLE","1"
"5682","MONTPELIER","34"
"7845","RICHLANDS","45"
"7459","NASSAU BAY","42"
"69425","EDINBURGH","13"
"4953","LIBERTY","31"
"9535","PORT SAINT JOE","9"
"1894","WASHINGTON PARK","12"
"14107","BRISTOW","35"
"7070","WOODRUFF","39"
"10959","BUNKIE","17"
"2177","BAXTER SPRINGS","15"
"71","THOMASVILLE","1"
"134391","AMITE","17"
"16725","DELAVAN TOWNSHIP","48"
"228463","LONG VIEW","32"
"6955","BELTON","39"
"6664","BRIDGEPORT","37"
"6434","NORTH EAST","37"
"3309","MARINE CITY","21"
"3433","WINDOM","22"
"2259","RUSSELL","15"
"346","FORDYCE","3"
"7150","TRENTON","41"
"1250","MADEIRA BEACH","9"
"3766","NORTHWOODS","24"
"2178","CLAY CENTER","15"
"3685","MALDEN","24"
"153725","ROGERSVILLE","41"
"166087","ST. JAMES","22"
"4310","BRADLEY BEACH","29"
"6849","HONESDALE","37"
"3715","BROOKFIELD","24"
"5849","MARLOW","35"
"2396","LUDLOW","16"
"10307","SPARTA","12"
"3651","LELAND","23"
"8092","POINT PLEASANT","47"
"4161","MAGNOLIA","29"
"5331","MOUNT OLIVE","32"
"3004","BUCHANAN","21"
"1468","DAWSON","10"
"3354","SOUTH HAVEN","21"
"2233","OSAWATOMIE","15"
"7616","TULIA","42"
"7766","NEWPORT","44"
"53490","KAPLAN","17"
"7550","PALACIOS","42"
"3634","WINONA","23"
"7593","HEARNE","42"
"285","HOLBROOK","2"
"2062","EVANSDALE","14"
"1378","ELBERTON","10"
"3711","LEXINGTON","24"
"348","DUMAS","3"
"7298","NEW BOSTON","42"
"5607","NEW LEXINGTON","34"
"128","FAYETTE","1"
"2489","CHURCH POINT","17"
"13915","GREENFIELD","34"
"7046","MULLINS","39"
"13904","SILVERTON","34"
"150654","ELDON","24"
"2117","GLENWOOD","14"
"3196","UTICA","21"
"2071","CHEROKEE","14"
"4413","POINT PLEASANT BEACH","29"
"9239","GUNNISON","5"
"6962","BARNWELL","39"
"4439","PENNS GROVE","29"
"6823","DONORA","37"
"2272","COLBY","15"
"43428","PEMBROKE PARK","9"
"56","PIEDMONT","1"
"3567","MORRIS","22"
"3038","CHEBOYGAN","21"
"7610","CENTER","42"
"4708","LITTLE FALLS","31"
"3535","REDWOOD FALLS","22"
"4149","CLEMENTON","29"
"7709","SUNSET","43"
"8213","BERLIN","48"
"115521","BATESBURG-LEESVILLE","39"
"7314","FALFURRIAS","42"
"80374","TICONDEROGA TOWN","31"
"5110","EDENTON","32"
"4440","SALEM","29"
"2506","MANSFIELD","17"
"1439","CAMILLA","10"
"11719","ROYAL OAK TOWNSHIP","21"
"42965","BIG BEAR LAKE","4"
"3029","SPRINGFIELD","21"
"4532","TUCUMCARI","30"
"70","JACKSON","1"
"1362","ADEL","10"
"3058","KINGSFORD","21"
"2179","CONCORDIA","15"
"3088","IRONWOOD","21"
"7","MIDFIELD","1"
"6989","WALTERBORO","39"
"6947","ABBEVILLE","39"
"7165","BOLIVAR","41"
"7556","ROCKDALE","42"
"10356","HOOPESTON","12"
"5714","HUGO","35"
"1664","STEGER","12"
"120","BREWTON","1"
"5688","NORTHWOOD","34"
"7605","SINTON","42"
"5210","WILLIAMSTON","32"
"1687","ROBBINS","12"
"2308","DAYTON","16"
"7219","ROCKWOOD","41"
"2057","CENTERVILLE","14"
"6275","LEHIGHTON","37"
"3202","ISHPEMING","21"
"7333","ATLANTA","42"
"8148","BUCKHANNON","47"
"6980","CHESTER","39"
"2512","JEANERETTE","17"
"2548","LEESVILLE","17"
"4589","SALAMANCA","31"
"6011","DUQUESNE","37"
"5721","VINITA","35"
"2163","IOLA","15"
"7534","SLATON","42"
"1011","ELSMERE","7"
"3065","PETOSKEY","21"
"3031","DOWAGIAC","21"
"2563","HOULTON","18"
"2605","RUMFORD","18"
"4309","BELMAR","29"
"16282","COVINGTON","45"
"7399","MARLIN","42"
"80378","MALONE VILLAGE","31"
"6739","MOUNT CARMEL","37"
"5808","HENRYETTA","35"
"1483","SANDERSVILLE","10"
"83839","TOWN OF MADISON","48"
"3801","LEWISTOWN","25"
"7519","LITTLEFIELD","42"
"388","HELENA","3"
"10560","MAQUOKETA","14"
"7772","BEDFORD","45"
"28551","CARROLLTON TOWNSHIP","21"
"27","CHICKASAW","1"
"4954","MONTICELLO","31"
"22754","MCKEES ROCKS","37"
"182507","CARUTHERSVILLE","24"
"4227","PAULSBORO","29"
"122","ATTALLA","1"
"3200","MANISTEE","21"
"165011","ST. MARTINVILLE","17"
"6320","CLEARFIELD","37"
"1847","EAST ALTON","12"
"8100","PRINCETON","47"
"6990","DARLINGTON","39"
"80317","HORSEHEADS VILLAGE","31"
"2305","PRINCETON","16"
"3412","SPRING LAKE PARK","22"
"23941","HARRIMAN","41"
"232356","TARRANT","1"
"7669","MONAHANS","42"
"69770","PLAQUEMINE","17"
"6992","DILLON","39"
"7026","CAMDEN","39"
"4880","NYACK","31"
"4509","RATON","30"
"3631","COLUMBIA","23"
"7382","CUERO","42"
"60","LANETT","1"
"22346","BELPRE","34"
"1857","METROPOLIS","12"
"88","OPP","1"
"7486","CROCKETT","42"
"338","MORRILTON","3"
"102952","MOUNT VERNON","13"
"4621","HUDSON","31"
"1294","PERRY","9"
"8","TARRANT CITY","1"
"127562","OSCODA TOWNSHIP","21"
"7045","MARION","39"
"1131","QUINCY","9"
"361","NEWPORT","3"
"7188","FAYETTEVILLE","41"
"5774","IDABEL","35"
"8361","LANDER","49"
"3027","MARSHALL","21"
"7126","NEWPORT","41"
"5750","BLACKWELL","35"
"88780","HERKIMER VILLAGE","31"
"2420","RUSSELLVILLE","16"
"4616","NORWICH","31"
"9275","LA JUNTA","5"
"1698","CLINTON","12"
"172","DEMOPOLIS","1"
"10992","TALLULAH","17"
"2598","ROCKLAND","18"
"40927","LA FOLLETTE","41"
"63798","LAKEWOOD-BUSTI","31"
"7582","FORT STOCKTON","42"
"381","OSCEOLA","3"
"2539","FRANKLIN","17"
"2510","VILLE PLATTE","17"
"3516","THIEF RIVER FALLS","22"
"1888","CENTREVILLE","12"
"7149","MILAN","41"
"8185","MONONA","48"
"3518","CROOKSTON","22"
"3388","RIVER ROUGE","21"
"2270","WELLINGTON","15"
"41623","MONTPELIER","44"
"1753","MURPHYSBORO","12"
"4550","GRANTS","30"
"80","TUSCUMBIA","1"
"2169","FORT SCOTT","15"
"1589","CALUMET PARK","12"
"7700","PRICE","43"
"7077","UNION","39"
"5557","OBERLIN","34"
"3120","LANSING TOWNSHIP","21"
"1446","FORT VALLEY","10"
"389","WEST HELENA","3"
"5526","KENTON","34"
"3207","LUDINGTON","21"
"3793","NEVADA","24"
"2746","ADAMS","20"
"7028","LANCASTER","39"
"4868","RENSSELAER","31"
"7148","HUMBOLDT","41"
"9257","TRINIDAD","5"
"119847","BUENA VISTA TOWNSHIP","21"
"7923","HOQUIAM","46"
"3552","VIRGINIA","22"
"1093","ORANGE PARK","9"
"4834","PORT JERVIS","31"
"7005","GEORGETOWN","39"
"7692","GRAHAM","42"
"3210","MENOMINEE","21"
"3021","ALBION","21"
"2516","WESTWEGO","17"
"87","ANDALUSIA","1"
"7673","WHARTON","42"
"7374","LAMESA","42"
"41622","BARRE","44"
"6375","MIDDLETOWN","37"
"6487","CARBONDALE","37"
"7047","BENNETTSVILLE","39"
"165","TUSKEGEE","1"
"5559","SHEFFIELD LAKE","34"
"312","STUTTGART","3"
"7649","BROWNFIELD","42"
"80629","NEWARK VILLAGE","31"
"7825","PULASKI","45"
"3740","BERKELEY","24"
"3091","ALMA","21"
"79","SHEFFIELD","1"
"7031","LAURENS","39"
"2236","INDEPENDENCE","15"
"3807","HAVRE","25"
"4113","BURLINGTON","29"
"8234","MERRILL","48"
"3948","BERLIN","28"
"3368","ECORSE","21"
"3024","BEDFORD TOWNSHIP","21"
"2999","HAMPTON TOWNSHIP","21"
"356","HOPE","3"
"3384","MELVINDALE","21"
"6742","SUNBURY","37"
"6393","DARBY","37"
"2235","COFFEYVILLE","15"
"2535","EUNICE","17"
"5516","READING","34"
"4323","KEANSBURG","29"
"3000","BENTON HARBOR","21"
"2222","PARSONS","15"
"10984","JENNINGS","17"
"7229","MILLINGTON","41"
"5669","VAN WERT","34"
"1852","CENTRALIA","12"
"3380","HIGHLAND PARK","21"
"6332","BERWICK","37"
"3209","BIG RAPIDS","21"
"4923","CORNING","31"
"2986","ALPENA","21"
"10569","KEOKUK","14"
"7568","SWEETWATER","42"
"7609","SNYDER","42"
"3283","GRAND HAVEN","21"
"8099","BLUEFIELD","47"
"5492","CAMBRIDGE","34"
"7679","VERNON","42"
"2074","SPENCER","14"
"4129","MOUNT HOLLY","29"
"2105","FORT MADISON","14"
"2525","BASTROP","17"
"3302","BUENA VISTA CHARTER TWP","21"
"4","FAIRFIELD","1"
"3010","NILES","21"
"2540","MORGAN CITY","17"
"4152","GLOUCESTER CITY","29"
"3656","YAZOO CITY","23"
"386","CAMDEN","3"
"7305","FREEPORT","42"
"7767","BRATTLEBORO","44"
"2019","SPEEDWAY","13"
"68176","TWENTY-NINE PALMS","4"
"5868","WOODWARD","35"
"2549","BOGALUSA","17"
"4596","DUNKIRK","31"
"80293","ENDICOTT VILLAGE","31"
"3858","BEATRICE","26"
"3595","CLEVELAND","23"
"1555","RANTOUL","12"
"3055","ESCANABA","21"
"5809","OKMULGEE","35"
"3379","HARPER WOODS","21"
"6979","GAFFNEY","39"
"199542","CANTON","23"
"7491","BORGER","42"
"181067","BAKER","17"
"7274","BEEVILLE","42"
"5596","WEST CARROLLTON","34"
"1390","COLLEGE PARK","10"
"7055","ORANGEBURG","39"
"4020","CLAREMONT","28"
"1647","MARKHAM","12"
"2487","CROWLEY","17"
"136253","LAS VEGAS","30"
"2753","NORTH ADAMS","20"
"6218","BUTLER","37"
"4982","GLENS FALLS","31"
"6822","WASHINGTON","37"
"3617","MOSS POINT","23"
"7875","MARTINSVILLE","45"
"165552","SAULT STE. MARIE","21"
"5676","MARIETTA","34"
"1819","DIXON","12"
"1482","WAYCROSS","10"
"1359","MOULTRIE","10"
"7375","HEREFORD","42"
"5363","JAMESTOWN","33"
"3760","JENNINGS","24"
"3792","SIKESTON","24"
"11453","BENTON TOWNSHIP","21"
"88679","JOHNSON CITY VILLAGE","31"
"3336","OWOSSO","21"
"4687","GLOVERSVILLE","31"
"380","BLYTHEVILLE","3"
"3627","GREENWOOD","23"
"1922","STERLING","12"
"220","TALLADEGA","1"
"4690","BATAVIA","31"
"2167","GREAT BEND","15"
"1754","MOUNT VERNON","12"
"1151","VERO BEACH","9"
"2311","NEWPORT","16"
"11730","PONTIAC TOWNSHIP","21"
"3591","NATCHEZ","23"
"2515","GRETNA","17"
"14450","WILKINSBURG","37"
"5457","DEFIANCE","34"
"7921","ABERDEEN","46"
"8042","CLARKSBURG","47"
"3243","HAZEL PARK","21"
"78337","OPELOUSAS","17"
"1347","FOREST PARK","10"
"8132","BECKLEY","47"
"7423","PAMPA","42"
"3397","WAYNE","21"
"4160","LINDENWOLD","29"
"3717","HANNIBAL","24"
"3187","MOUNT CLEMENS","21"
"7860","BRISTOL","45"
"7575","ORANGE","42"
"7549","BAY CITY","42"
"5425","EAST CLEVELAND","34"
"2806","GREENFIELD","20"
"7316","BROWNWOOD","42"
"5472","WHITEHALL","34"
"12075","CLARKSDALE","23"
"3620","LAUREL","23"
"2589","AUGUSTA","18"
"4630","CORTLAND","31"
"413","EL DORADO","3"
"104","SELMA","1"
"5658","NILES","34"
"7502","ALICE","42"
"3361","YPSILANTI","21"
"3441","SOUTH SAINT PAUL","22"
"5627","PORTSMOUTH","34"
"4005","PORTSMOUTH","28"
"3217","MONROE","21"
"2650","CUMBERLAND","19"
"3168","ADRIAN","21"
"11537","MOUNT MORRIS TOWNSHIP","21"
"3649","VICKSBURG","23"
"13765","ASHTABULA","34"
"6683","POTTSTOWN","37"
"7434","PLAINVIEW","42"
"5201","KINSTON","32"
"7873","HOPEWELL","45"
"30796","ALLIANCE","34"
"3618","PASCAGOULA","23"
"26","PRICHARD","1"
"2121","MUSCATINE","14"
"54","ANNISTON","1"
"6542","NEW CASTLE","37"
"952","NEW LONDON","6"
"11857","ROMULUS","21"
"6921","NEWPORT","38"
"1649","MAYWOOD","12"
"7516","KINGSVILLE","42"
"5752","PONCA CITY","35"
"1910","FREEPORT","12"
"2228","EMPORIA","15"
"7518","PARIS","42"
"3381","INKSTER","21"
"2424","PADUCAH","16"
"5604","ZANESVILLE","34"
"2084","BURLINGTON","14"
"5460","SANDUSKY","34"
"1623","HARVEY","12"
"342","WEST MEMPHIS","3"
"6954","ANDERSON","39"
"5640","BARBERTON","34"
"1774","KANKAKEE","12"
"4592","AUBURN","31"
"1845","ALTON","12"
"16461","BESSEMER","1"
"1798","NORTH CHICAGO","12"
"4208","ORANGE","29"
"4607","ELMIRA","31"
"1996","EAST CHICAGO","13"
"906","GROTON TOWN","6"
"3312","PORT HURON","21"
"4597","JAMESTOWN","31"
"1590","CHICAGO HEIGHTS","12"
"11525","FLINT TOWNSHIP","21"
"2009","MICHIGAN CITY","13"
"7879","PETERSBURG","45"
"1917","DANVILLE","12"
"353","HOT SPRINGS","3"
"1391","EAST POINT","10"
"3650","GREENVILLE","23"
"2996","BAY CITY","21"
"6389","CHESTER","37"
"51223","WEST HOLLYWOOD","4"
"123","GADSDEN","1"
"7069","SPARTANBURG","39"
"5377","LIMA","34"
"5786","MUSKOGEE","35"
"1883","ROCK ISLAND","12"
"127302","HOLYOKE","20"
"6883","YORK","37"
"6936","WOONSOCKET","38"
"5659","WARREN","34"
"2391","COVINGTON","16"
"2755","PITTSFIELD","20"
"7866","DANVILLE","45"
"2530","ALEXANDRIA","17"
"3609","BILOXI","23"
"8016","HUNTINGTON","47"
"362","PINE BLUFF","3"
"5619","MANSFIELD","34"
"6372","HARRISBURG","37"
"4869","TROY","31"
"7414","GALVESTON","42"
"2528","MONROE","17"
"4775","NIAGARA FALLS","31"
"8056","CHARLESTON","47"
"7500","PORT ARTHUR","42"
"4201","IRVINGTON","29"
"154779","LAKEWOOD","46"
"4781","UTICA","31"
"5398","SPRINGFIELD","34"
"3394","TAYLOR","21"
"5389","HAMILTON","34"
"4908","SCHENECTADY","31"
"5556","LORAIN","34"
"18966","WATERLOO","14"
"4198","EAST ORANGE","29"
"19337","KENNER","17"
"1961","MUNCIE","13"
"5572","YOUNGSTOWN","34"
"11607","KALAMAZOO","21"
"5632","CANTON","34"
"1999","HAMMOND","13"
"1997","GARY","13"
"8286","RACINE","48"
"3398","WESTLAND","21"
"3544","DULUTH","22"
"4276","TRENTON","29"
"1319","MACON","10"
"7883","ROANOKE","45"
"2765","NEW BEDFORD","20"
"4555","ALBANY","31"
"2138","DAVENPORT","14"
"7880","PORTSMOUTH","45"
"2041","SOUTH BEND","13"
"3115","LANSING","21"
"1872","PEORIA","12"
"7497","BEAUMONT","42"
"939","HARTFORD","6"
"1337","SAVANNAH","10"
"4796","SYRACUSE","31"
"2277","KANSAS CITY","15"
"3611","JACKSON","23"
"7882","RICHMOND","45"
"5639","AKRON","34"
"4736","ROCHESTER","31"
"2","BIRMINGHAM","1"
"2486","NEW ORLEANS","17"
"9651","SAINT PETERSBURG","9"
"4652","BUFFALO","31"
"4022","NEWARK","29"
"5566","TOLEDO","34"
"5370","CINCINNATI","34"
"5975","PITTSBURGH","37"
"8165","MILWAUKEE","48"
"2649","BALTIMORE","19"
"5974","PHILADELPHIA","37"
"1546","CHICAGO","12"
